stock_code,unit_price
10002,0.9878005115089513
10080,0.505
10120,0.23857142857142857
10123C,0.7822388059701493
10125,0.9315469613259668
10133,0.7490301003344482
10134,1.2892857142857144
10135,1.4156047197640118
11001,1.8793962264150943
15030,0.29
15034,0.35875
15036,0.9932303090727816
15039,1.1427156549520765
15044A,3.5948207171314746
15044B,3.554322916666667
15044C,3.8145147679324896
15044D,3.447056277056277
15056BL,6.241769230769231
15056N,6.816448863636364
15056P,6.226153846153847
15056bl,12.572258064516129
15056n,12.556694214876034
15056p,12.58048780487805
15058A,8.550536912751678
15058B,9.684999999999999
15058C,9.667049180327869
15060B,5.5424675324675325
16008,0.15732558139534883
16011,0.20956896551724136
16012,0.20942528735632182
16014,0.39525773195876285
16015,0.48727272727272725
16016,0.8405454545454545
16020C,0.843
16033,0.11639999999999999
16045,0.049600000000000005
16046,0.9386363636363636
16047,0.955
16048,0.39990654205607473
16049,0.381875
16052,0.576111111111111
16054,0.17384615384615382
16156L,0.42
16156N,0.42
16156S,0.41536643026004727
16161G,0.1
16161M,0.418
16161P,0.4189639639639639
16161U,0.4180625
16162L,0.7496666666666667
16168M,0.5951923076923077
16169E,0.41919999999999996
16169K,0.36344262295081964
16169M,0.35483333333333333
16169N,0.35140350877192983
16169P,0.3577083333333333
16202B,4.7690909090909095
16207A,3.001578947368421
16207B,2.654782608695652
16212,1.607727272727273
16216,0.21955056179775279
16218,0.5034653465346535
16219,0.5645736434108527
16225,1.6062068965517242
16235,0.30969230769230766
16236,0.3061623616236162
16237,0.29587458745874584
16238,0.31056451612903224
16254,1.2665853658536586
16256B,0.5841666666666667
16258A,0.5233644859813084
16259,0.14618181818181816
17003,0.30283613445378155
17012A,2.2341414141414138
17012B,2.204885496183206
17012C,2.037966101694915
17012D,1.9505000000000001
17012F,1.9060714285714284
17013D,1.76
17021,0.2952941176470588
17033,0.28536231884057967
17038,0.4226785714285714
17039,0.3774418604651163
17084N,0.34659685863874345
17084P,0.34178082191780823
17084R,0.2026470588235294
17090A,1.1928571428571428
17090D,1.2375
17091A,1.0291735537190083
17091B,1.4186792452830188
17091J,0.9074074074074074
17096,0.3208860759493671
17107D,2.55
17109D,1.42
17129F,1.4073154362416107
17136A,0.1045945945945946
17164B,0.41717391304347823
17165B,1.03078125
17165D,1.035408163265306
17181,3.753676470588235
18007,0.24531645569620253
18094C,1.8743
18097C,2.8208849557522124
18098C,3.3026819923371646
18098c,5.066971830985915
20615,2.646078431372549
20616,2.13258064516129
20617,2.415188679245283
20618,2.276330935251799
20619,2.349795918367347
20621,2.3508823529411766
20622,2.669259259259259
20652,1.412290502793296
20653,1.4079518072289157
20654,1.375
20655,1.7003030303030302
20657,1.3218333333333334
20658,1.6764021164021163
20659,1.562758620689655
20661,3.00515873015873
20662,2.7103921568627447
20663,2.574782608695652
20664,2.712903225806452
20665,3.8357967032967033
20666,2.408478260869565
20668,0.16664987405541562
20669,1.5994396551724137
20670,2.8625000000000003
20671,1.5700684931506848
20674,1.5061134453781513
20675,1.5052758132956152
20676,1.5501310483870967
20677,1.5835076530612244
20679,6.668238482384823
20681,3.87912676056338
20682,3.8867049180327866
20684,3.631648351648352
20685,8.406800452232899
20686,3.7544791666666666
20689,6.171190476190477
20692,4.87875
20694,4.386785714285714
20695,4.8466129032258065
20696,4.7222580645161285
20699,3.135473684210526
20700,5.469038461538461
20701,4.416
20702,4.30136186770428
20703,4.26
20704,6.370875
20705,5.42622641509434
20707,1.2306403940886699
20711,2.72687617260788
20712,2.7378743961352656
20713,2.5777867647058823
20716,1.4504330708661417
20717,1.598079385403329
20718,1.655904298459043
20719,1.1517643429981492
20723,1.1376408450704225
20724,1.1037010506208214
20725,2.061207927021076
20726,2.1097760079641614
20727,2.019561191626409
20728,1.9727697337692667
20729,1.4020661157024794
20730,1.0862745098039215
20731,1.4004054054054054
20733,0.8516774193548386
20734,1.3359999999999999
20735,1.2007943925233644
20738,0.9545945945945946
20747,15.716605504587156
20748,12.391069518716579
20749,8.082112500000001
20750,8.13318809776833
20751,2.3024508050089443
20752,2.394090909090909
20754,2.4966930917327295
20755,0.9180468749999999
20756,0.8067692307692307
20757,0.8445348837209302
20758,0.8199
20759,0.7749230769230769
20760,0.7947058823529412
20761,4.043653846153846
20762,3.886971830985916
20763,3.855394736842105
20764,4.166
20765,3.8950641025641026
20766,3.9668902439024394
20767,2.675537634408602
20768,2.5569078947368418
20769,2.5613414634146343
20770,2.475904761904762
20771,2.555586206896552
20772,2.5423353293413173
20773,1.7371653543307086
20774,1.7347619047619047
20775,1.7505084745762711
20776,1.7812790697674419
20777,1.7968571428571427
20778,1.8029787234042551
20780,6.860467289719627
20781,6.192985074626866
20782,6.851304347826088
20783,7.606607142857143
20784,36.42621621621622
20785,37.55945945945946
20793,8.935
20794,3.4747999999999997
20795,2.956896551724138
20798,3.071818181818182
20801,2.2376271186440673
20802,2.106974789915966
20803,1.7185227272727273
20818,4.491666666666666
20819,3.885909090909091
20821,7.882000000000001
20828,2.93555900621118
20829,2.421405940594059
20830,2.9801190476190476
20831,2.714938271604938
20832,0.9421341463414633
20838,1.9461904761904762
20839,2.6193388429752065
20840,2.222526315789474
20846,1.5736516853932585
20847,4.8500000000000005
20851,5.966206896551724
20854,1.6773275862068966
20855,1.65
20856,1.6598412698412697
20857,1.6500000000000001
20863,2.4078846153846154
20866,1.4965151515151516
20867,1.4065217391304348
20868,0.9214084507042254
20869,0.9478181818181819
20871,2.6793893129770994
20878,1.4550515463917524
20886,2.4113803680981594
20892,16.214634146341464
20893,2.853837209302325
20894,3.3879347826086956
20897,3.862727272727273
20898,3.1941818181818182
20901,9.428676470588234
20902,9.394462809917355
20903,7.171494252873563
20906,4.0468
20910,8.2562
20914,3.22734934086629
20931,4.8309375
20932,4.7057317073170735
20933,4.1007547169811325
20934,7.24407894736842
20935,3.0720408163265307
20936,3.674125
20941,1.7787301587301585
20943,1.6601369863013697
20950,0.7546428571428571
20956,1.774124513618677
20960,1.6649545454545454
20961,1.7023132969034607
20963,1.7572744014732964
20966,1.795230769230769
20967,3.9949541284403667
20969,4.267035881435257
20970,4.163930348258706
20971,1.4098009950248755
20972,1.406766917293233
20973,0.7828671328671328
20974,0.7479213483146068
20975,0.7422210849539406
20976,0.7471428571428571
20977,1.5592445328031808
20978,1.5779965753424656
20979,1.5642323651452283
20980,1.4020000000000001
20981,0.9636585365853658
20982,0.9571217105263157
20983,0.9532053175775479
20984,0.5398846153846154
20985,1.53814696485623
20986,1.5475688073394496
20990,2.2476415094339623
20992,0.6914439655172413
20996,0.3826224783861672
20997,4.718433734939759
20998,2.9700757575757577
21000,3.7538
21001,4.8923958333333335
21002,3.530578947368421
21003,5.928125
21004,4.793943661971831
21009,1.4782242990654204
21010,1.476046511627907
21011,1.2638345864661655
21012,2.3336624203821654
21014,0.8165217391304348
21015,0.7817948717948717
21016,0.9652808988764044
21017,1.338111111111111
21025,1.522941176470588
21026,1.6261194029850747
21027,1.2686046511627906
21028,1.621827956989247
21030,1.2048148148148148
21031,1.3209523809523809
21032,1.3922641509433962
21033,3.344889643463498
21034,0.9499999999999998
21035,4.0365531475748195
21038,2.2472222222222222
21039,3.00480686695279
21040,2.436142857142857
21041,4.084
21042,6.887761904761905
21043,4.269154929577465
21051,2.188646616541354
21054,9.59036842105263
21055,10.497649572649571
21056,9.685979899497486
21058,0.9932525951557094
21059,0.9000892857142857
21060,0.9401973684210526
21061,0.9671597633136094
21062,0.8670714285714286
21063,0.9401244813278008
21064,5.535405405405405
21065,5.010157480314961
21066,1.2954814814814815
21067,1.5083512544802866
21068,1.571125
21069,1.6944932432432431
21070,1.5906694560669457
21071,1.6209941520467834
21077,0.9234343434343435
21078,1.1102086049543676
21080,1.0284403254972874
21082,1.0680838323353294
21084,0.5650660792951542
21085,0.7708695652173913
21086,0.8926116838487973
21087,0.7493939393939394
21088,0.47226277372262776
21089,0.5009756097560976
21090,0.7292226148409894
21094,0.9861171797418073
21095,1.002857142857143
21096,0.658125
21098,1.6244411764705882
21100,2.236964285714286
21106,3.699257142857143
21107,3.6498240469208216
21108,3.0188958009331257
21109,6.73337552742616
21110,7.444398826979472
21111,3.535442477876106
21112,3.390459183673469
21114,1.8052581261950287
21115,7.7457882882882885
21116,6.78054347826087
21117,1.844137931034483
21121,1.3558223684210526
21122,1.3387514723203768
21123,1.2390494296577947
21124,1.2986149162861491
21125,1.3073207547169812
21126,1.3390202702702703
21127,7.3094117647058825
21128,9.546440677966102
21129,8.947903225806451
21130,3.9792
21131,5.765599999999999
21132,5.663061224489796
21134,2.1477551020408163
21135,1.9992289719626166
21136,1.9920546163849153
21137,4.143981623277182
21143,2.267075471698113
21144,1.0741935483870966
21145,3.406734693877551
21147,2.14078125
21153,11.799856115107914
21154,1.7741213389121337
21155,2.832954773869347
21156,2.2399999999999998
21157,2.9144086021505378
21158,1.2723053892215568
21159,1.3324901185770752
21160,1.510677966101695
21161,1.6772935779816514
21162,1.279551724137931
21163,1.3528368794326242
21164,3.2813342318059298
21165,2.1367161226508404
21166,2.282
21167,0.3314406779661017
21169,2.12991452991453
21171,1.6791287878787877
21172,1.9047128712871286
21174,2.5230873621713314
21175,2.56275641025641
21179,1.3324385633270321
21181,2.372664907651715
21186,2.0253684210526317
21187,2.0109937888198757
21188,3.6280740740740742
21189,2.483206106870229
21190,1.9697457627118642
21191,2.920232558139535
21192,2.3637860082304525
21194,2.03010101010101
21195,3.0043589743589743
21196,1.9262499999999998
21197,1.6327083333333332
21198,1.74425
21199,1.8689999999999998
21200,2.017751937984496
21201,2.9834146341463414
21202,1.7744927536231885
21203,2.038724832214765
21204,1.9985576923076922
21205,2.9168354430379746
21206,1.8558606557377049
21207,1.764808362369338
21208,1.653658536585366
21209,1.7453623188405796
21210,1.7699832073887491
21211,1.6648360655737704
21212,0.7057234042553191
21213,0.7400129198966408
21214,1.9900985221674878
21215,0.8668852459016394
21216,6.906218487394958
21217,11.713423236514522
21218,5.286839266450917
21219,1.5714130434782607
21220,1.6528915662650603
21221,1.5088392857142858
21222,1.5222857142857142
21224,1.2622018348623854
21226,1.0860975609756098
21228,1.29125
21231,1.4984674329501915
21232,1.5313033268101761
21238,1.0210610932475883
21239,1.0578783958602846
21240,1.0529770992366412
21241,0.980722433460076
21242,1.992929745889387
21243,2.0075538160469666
21244,1.945230769230769
21245,1.9219303797468352
21246,5.086714285714286
21247,1.881951219512195
21248,1.6815950920245397
21249,3.7044981412639406
21250,3.2244262295081967
21251,3.550740740740741
21253,4.59546875
21257,10.538363309352517
21258,17.076095406360423
21259,6.936787790697675
21260,3.7924821428571427
21261,6.48904761904762
21262,6.11096551724138
21263,3.162258064516129
21264,3.4865714285714287
21265,3.7155555555555555
21268,1.2720754716981133
21269,9.512537313432837
21270,12.035849056603773
21272,1.6448476454293628
21274,14.620740740740741
21275,14.12421052631579
21277,24.45173076923077
21278,3.493305785123967
21279,3.637596153846154
21280,2.9934285714285713
21281,3.5270422535211265
21282,4.757323943661971
21283,3.660823529411765
21284,1.9697902097902098
21285,2.3533663366336635
21286,2.9543689320388347
21287,0.8606250000000001
21288,3.3585589519650654
21289,1.3065094339622643
21291,0.975432098765432
21292,0.8153763440860214
21293,3.0056976744186046
21294,1.1296527777777776
21306,1.4280555555555556
21307,2.124342105263158
21311,1.5475247524752476
21313,1.1367592592592592
21314,2.780437556973564
21316,3.069591836734694
21317,6.018607594936709
21318,1.5977894736842104
21319,1.9946969696969699
21320,3.1577192982456137
21323,5.510238095238096
21324,3.6802673796791447
21326,0.8057372262773722
21327,2.0076391554702497
21328,2.255138686131387
21329,2.106295025728988
21330,2.2661835748792267
21331,14.569333333333333
21332,11.9834
21333,3.2302620087336247
21336,3.4279545454545457
21340,13.119747126436781
21344,8.916153846153845
21348,3.1432846715328466
21349,8.434444444444445
21351,5.5183243243243245
21352,5.361461988304094
21354,1.4923684210526316
21355,1.457590027700831
21356,1.5165940054495914
21357,1.5100444444444443
21358,1.2867400881057267
21359,14.859358974358974
21360,10.08893203883495
21361,14.29728476821192
21363,5.987126168224299
21364,7.590462427745665
21365,2.550617283950617
21366,6.112926829268293
21367,2.6443749999999997
21368,1.8579591836734692
21371,2.59578125
21372,2.6633962264150943
21373,1.2465573770491802
21374,2.909861111111111
21375,7.958923076923075
21376,5.791224489795918
21377,2.515346534653465
21378,2.149775280898876
21379,1.9260465116279069
21380,3.400760059612519
21381,2.186469534050179
21382,2.228216560509554
21383,0.9511918604651162
21384,1.0455844155844154
21385,1.0492445054945054
21386,0.8314285714285713
21389,1.0017647058823531
21390,1.457716150081566
21391,1.8967914438502673
21392,2.3705882352941177
21393,2.131489361702128
21394,0.7890666666666667
21395,0.9111965811965812
21397,1.667103825136612
21398,1.9114728682170543
21399,1.5224166666666668
21400,0.3
21401,0.32559999999999995
21402,0.3663815789473684
21403,0.3406918238993711
21407,5.263
21408,5.924016064257028
21410,5.5169934640522875
21411,4.877638888888889
21412,1.694078947368421
21413,1.6729999999999998
21414,2.922972972972973
21415,2.6268539325842695
21417,3.0212396694214876
21418,3.4688235294117646
21420,3.591764705882353
21421,1.5633636363636363
21422,1.070328947368421
21424,4.811619718309859
21425,4.1706315789473685
21426,3.2083333333333335
21427,3.0166141732283465
21428,5.0341787941787945
21429,2.105994318181818
21430,4.7396071428571425
21431,1.9357950530035333
21432,6.097958333333334
21439,1.561
21440,1.3233980582524272
21441,1.1029411764705883
21442,1.1215107913669065
21445,1.507682119205298
21446,1.4868503937007873
21447,1.620028653295129
21448,1.8755111111111111
21452,3.4527954545454547
21454,0.905929648241206
21455,0.9351461988304094
21456,1.447878787878788
21457,1.5403030303030303
21458,1.635
21459,2.300909090909091
21462,6.872444444444445
21463,6.541826923076923
21464,4.245495495495495
21465,4.026157894736842
21466,3.9814285714285713
21467,4.027480916030535
21468,4.013378378378379
21469,3.9689671361502348
21470,4.211389728096677
21471,3.917085889570552
21472,4.3839726027397266
21473,20.839
21474,19.95
21476,16.40183908045977
21478,4.399583333333333
21479,4.6763365384615385
21481,3.7574911971830987
21482,3.615132275132275
21484,4.555515021459227
21485,5.471706989247312
21486,3.9076774193548385
21488,4.658272251308901
21491,2.1199218749999997
21494,2.620206378986867
21495,0.41814814814814816
21497,0.4177142857142857
21498,0.41731857318573184
21499,0.4161965811965812
21500,0.4162650602409638
21503,0.41875
21504,0.4658753709198813
21506,0.4878674351585014
21507,0.5044406779661017
21508,0.5171402550091074
21509,0.5024056603773585
21518,0.5033333333333333
21519,0.5017584369449378
21520,0.5313274336283186
21523,8.912893136403127
21524,8.504028716216217
21527,8.851443298969073
21528,7.652584269662921
21529,4.0076282051282055
21530,2.3399418604651165
21531,3.0247204968944095
21532,2.38031914893617
21533,5.4292963330029735
21534,5.375384615384616
21535,2.857687661777394
21537,4.717692307692308
21538,3.993333333333333
21539,5.757610738255034
21540,4.725056179775281
21541,1.0449261083743842
21542,1.01515625
21544,1.050823754789272
21545,3.5483333333333333
21547,3.595725806451613
21548,3.6797391304347826
21550,6.652328767123287
21555,3.053703703703704
21556,3.252196721311475
21557,4.1611746031746035
21558,3.262867737948084
21559,3.0534921875
21561,2.897846441947565
21562,1.8506756756756755
21563,3.324166666666667
21564,3.233621262458472
21576,2.521706161137441
21577,2.734875
21578,2.603727959697733
21579,2.5823129251700676
21580,2.841875
21581,2.6667289719626166
21584,1.6479643765903307
21586,2.515250965250965
21587,2.5408474576271183
21588,2.525
21589,2.5044943820224717
21590,1.246225165562914
21591,1.2615121951219512
21592,1.1945436893203885
21593,1.248041237113402
21609,3.042982456140351
21610,3.0381730769230773
21611,3.1183225806451613
21612,3.2462280701754387
21613,3.0775838926174495
21614,3.0637373737373736
21615,2.360057142857143
21616,2.49165
21617,2.944494382022472
21618,2.9386577181208056
21619,2.429181818181818
21620,2.5254700854700856
21621,9.293887218045114
21622,5.815478395061729
21623,10.23007233273056
21624,6.6009156626506025
21625,8.195742296918768
21626,2.345841121495327
21627,22.625166666666665
21628,22.477191011235956
21629,11.825688073394495
21630,13.737373737373737
21631,10.77962962962963
21632,11.459454545454545
21633,13.044794520547946
21634,1.396056338028169
21635,3.310888888888889
21636,1.4679439252336448
21637,1.8408602150537634
21638,2.474967320261438
21640,1.093392857142857
21641,1.2444827586206895
21642,0.8837174721189591
21643,1.8728571428571426
21644,1.4296
21645,1.8345774647887323
21647,2.5230674846625765
21648,1.8419183673469388
21650,0.6726388888888889
21651,1.8399999999999999
21652,2.0951851851851853
21653,2.2591666666666668
21654,1.2609302325581395
21655,1.9537777777777778
21656,2.0648251748251747
21657,8.48432
21658,5.332124542124542
21659,17.130597014925375
21661,7.0626
21662,7.474684684684685
21664,4.2194520547945205
21665,1.088974358974359
21666,0.8268181818181819
21667,18.958098159509202
21668,1.637514654161782
21669,1.5621462264150945
21670,1.6347044025157231
21671,1.6102409638554216
21672,1.593202380952381
21673,1.6283102143757882
21675,1.0532014388489208
21676,1.0108024691358024
21677,1.002326388888889
21678,0.9779761904761903
21679,1.0562992125984252
21680,1.1384476534296029
21681,10.153827160493826
21682,5.274129032258065
21683,3.318343949044586
21684,1.1283636363636362
21686,39.31441176470588
21687,4.614727272727273
21688,3.5883443708609275
21689,4.0934375
21690,3.9325742574257427
21691,3.9747619047619045
21692,4.001384615384615
21693,3.362313432835821
21694,3.2620547945205485
21695,3.6019811320754718
21696,3.2563793103448275
21698,1.2500840336134453
21700,3.2685923217550275
21703,0.4984327086882453
21704,0.9836040609137054
21705,1.8314468085106383
21706,5.243460076045627
21707,4.954342857142857
21708,4.72766917293233
21709,5.14375
21710,5.024913793103448
21711,5.288378378378379
21713,2.3787104622871045
21714,1.7522616822429906
21715,3.2583603238866394
21716,3.3442603550295855
21717,2.932833333333333
21718,1.6677941176470588
21719,1.0686928104575162
21720,1.0248695652173914
21721,1.1576282051282052
21722,1.1655952380952381
21723,1.0309027777777777
21724,1.0203208556149732
21725,1.1571584699453552
21726,0.9757142857142856
21728,13.664523809523809
21730,5.37559880239521
21731,2.2299563318777293
21732,3.813548387096774
21733,3.096500535905681
21735,15.281119402985073
21736,2.3273333333333337
21737,19.869036144578313
21738,3.4904516129032257
21739,3.049184782608696
21741,3.8159900990099014
21742,6.084099999999999
21743,3.5565024630541875
21744,3.189620253164557
21745,3.9580278884462152
21746,1.51248
21747,1.4410967741935483
21749,2.5550347222222225
21750,2.45125
21754,6.584410681399632
21755,6.670644980370163
21756,6.564520325203253
21757,6.3058139534883715
21758,9.149024390243902
21761,29.603846153846153
21765,8.973701298701299
21768,17.992831325301204
21769,77.176
21770,5.432713414634146
21773,1.9212852664576803
21774,2.010104166666667
21775,2.015633802816901
21777,9.064221635883905
21781,16.486884816753925
21784,12.556791443850267
21785,0.9842857142857142
21786,0.6191277890466532
21787,1.040325865580448
21788,0.9093087557603686
21789,0.938942731277533
21790,1.0079088607594937
21791,1.4905643994211288
21792,6.036896551724138
21793,5.173203883495146
21794,6.090220994475137
21795,13.154124999999999
21796,12.662089552238806
21801,0.4557971014492754
21802,0.4858092485549133
21803,0.46758720930232556
21804,3.8872549019607843
21805,0.5065714285714286
21806,0.498796992481203
21807,0.5084293193717278
21808,3.6055333333333337
21809,1.2627111111111111
21810,0.9904497354497355
21811,1.1763636363636363
21812,5.664444444444444
21813,5.659300000000001
21814,1.805607476635514
21815,1.89196261682243
21816,1.6855555555555555
21817,0.734765100671141
21818,0.725920245398773
21819,0.7167164179104477
21820,4.67475
21821,4.920238095238095
21822,1.6019753086419752
21823,1.3342436974789917
21824,1.13640350877193
21825,1.5433734939759036
21826,1.4766165413533834
21827,1.3609459459459459
21828,1.4932642487046632
21829,0.2657075471698113
21830,0.463273381294964
21832,2.2671926229508195
21833,2.0650325379609544
21836,4.387211538461538
21837,7.622608695652174
21839,5.49732558139535
21841,4.416666666666667
21843,12.20404458598726
21844,3.3162671905697447
21845,2.1696894409937886
21846,3.9150181818181813
21847,3.2754794520547943
21849,3.772777777777778
21850,3.9467543859649123
21851,3.9857232704402517
21864,2.747285382830626
21865,2.5998397435897433
21866,1.7585537190082645
21867,1.5207692307692309
21868,1.6260523446019628
21869,1.3472566371681416
21870,1.5524663677130044
21871,1.7265291262135922
21872,1.5423188405797101
21873,1.658952380952381
21874,1.8364351851851852
21875,1.7146064814814816
21876,1.9974422187981509
21877,1.5736015325670496
21878,1.0571052631578948
21879,0.7584276729559749
21880,0.6553134328358209
21881,0.8299166666666667
21882,0.7753488372093023
21883,0.7383690987124463
21884,1.0022754491017964
21888,4.61518648018648
21889,1.5586493288590604
21890,3.729965928449745
21891,1.5360022148394241
21892,1.5692857142857142
21894,1.7346183206106869
21895,4.887386363636364
21896,2.504818481848185
21897,3.0987719298245615
21898,3.0007563025210087
21899,0.81206106870229
21900,0.8642135476463835
21901,0.8093451568894953
21902,0.7787450199203187
21903,2.4623488372093023
21904,2.0905298013245033
21905,1.6945692883895132
21906,8.462460496613994
21907,2.2809887359199
21908,2.4645231071779743
21910,1.760535714285714
21911,2.0527042253521124
21912,4.686196032672112
21913,4.387717041800643
21914,1.4532804757185331
21915,1.4039515377446412
21916,0.5172326203208556
21917,0.4981855670103093
21918,0.5236662606577345
21922,8.88699494949495
21923,8.579083333333333
21924,8.614596774193549
21925,1.573684210526316
21926,1.5937837837837838
21927,1.6855670103092784
21928,2.4720757097791797
21929,2.5028890229191796
21930,2.5184587289992697
21931,2.5313594662218515
21932,2.4330722891566263
21933,2.4512962962962965
21934,2.2074932614555256
21935,2.334862869198312
21936,3.6356676003734827
21937,3.6070901033973413
21942,1.2745922746781113
21943,1.110794701986755
21944,1.1612322274881515
21945,1.2692125984251967
21946,0.9995522388059701
21947,1.7179872204472844
21948,1.8825
21949,1.7779359430604982
21955,8.59150395778364
21967,0.42083495145631067
21972,1.6433720930232556
21973,1.7939810426540284
21974,1.9928553921568628
21975,0.6291817523533672
21976,0.7668363273453094
21977,0.7117443536761173
21980,0.38676680972818306
21981,0.4634966216216216
21982,0.4512679738562091
21983,0.4178823529411764
21984,0.41432608695652173
21985,0.40875647668393783
21986,0.4151540041067762
21987,0.7297744360902256
21988,0.9522196261682243
21989,1.0785608308605341
21990,2.266859344894027
21991,2.252857142857143
21992,2.420577200577201
21993,2.2760199004975123
22021,1.7873858921161825
22023,0.5306292134831461
22024,0.557728285077951
22025,0.5369965870307167
22026,0.5347567567567567
22027,0.5224537037037037
22028,0.5319573643410853
22029,0.5076998223801066
22030,0.46329608938547484
22031,0.5165034965034965
22032,0.46522522522522525
22033,0.4811627906976744
22034,0.4498979591836734
22035,0.5550136986301369
22036,0.4962773722627737
22037,0.5225499231950845
22038,0.4182222222222222
22039,0.41466666666666663
22040,0.41659574468085103
22041,3.5406932409012133
22042,0.4083687943262411
22043,0.3367175572519084
22044,0.3282795698924731
22045,0.41891213389121335
22046,0.41846153846153844
22047,0.4179467680608365
22048,0.4192233009708738
22049,0.2963025210084033
22050,0.41862068965517235
22051,0.4193220338983051
22052,0.4181679389312977
22053,1.5025842696629212
22055,2.152782152230971
22057,2.037727272727273
22058,1.6528205128205127
22059,1.7608560311284047
22060,9.795853658536585
22061,11.201301886792452
22062,2.3648920863309355
22063,3.6247606382978725
22064,2.1411050477489764
22065,1.441547619047619
22066,1.1469655172413793
22067,2.0896616541353383
22068,2.254949152542373
22069,2.9719713261648746
22070,4.028048048048047
22071,3.8712087912087907
22072,4.396010928961748
22073,4.588950495049505
22074,1.523076923076923
22075,1.8235492227979275
22076,1.7459033078880406
22077,2.108200108754758
22078,2.491904761904762
22079,1.9380253878702396
22080,1.924304029304029
22081,2.208354430379747
22082,1.8952596153846153
22083,3.6200964187327824
22084,3.2923003575685343
22085,3.1852564102564105
22086,3.358867151956324
22087,3.4713048368953885
22088,3.517996845425867
22089,3.3846643109540637
22090,3.6731857389304197
22091,1.2618289085545722
22092,0.8272972972972973
22093,0.9612413793103448
22094,1.300957746478873
22095,1.396043613707165
22096,0.9251530612244897
22097,0.9797426470588235
22098,1.264537313432836
22099,1.2747452229299363
22100,1.477132867132867
22101,2.327520661157025
22102,1.9785483870967742
22103,2.030945945945946
22104,1.5782178217821783
22105,4.249298245614035
22106,5.450963855421687
22107,4.690506329113924
22108,3.5366165413533834
22109,5.147125925925926
22110,3.8534601449275363
22111,5.7273620972146375
22112,5.8427768685215495
22113,4.193647166361974
22114,4.77581560283688
22115,3.290894941634241
22116,1.874009900990099
22117,3.0711965811965816
22118,5.435255972696246
22119,6.806253369272237
22120,11.285893333333334
22121,6.671031578947369
22122,3.465454545454546
22123,3.749941520467836
22124,2.720740740740741
22127,1.8054320987654322
22128,1.5282673267326732
22129,1.625141242937853
22130,1.85207343412527
22131,2.5437006802721087
22132,1.153175
22133,1.2385207100591715
22134,0.6403257328990227
22135,0.6776969696969697
22136,2.1053571428571427
22137,3.600909090909091
22138,5.364177411036617
22139,5.574267605633803
22141,2.612290679304897
22142,1.7269160583941607
22143,2.566712328767123
22144,2.6080077120822622
22145,2.362087378640777
22147,1.6248350764279966
22148,2.3067202572347267
22149,2.386986394557823
22150,2.2024027916251243
22151,0.5349999999999999
22152,0.5197665369649804
22153,0.5509615384615385
22154,0.5346327683615819
22155,0.5609259259259259
22156,1.071292407108239
22157,0.8923134328358209
22158,3.2029936305732485
22161,0.69793893129771
22162,3.3751971326164876
22163,2.355311004784689
22164,3.388823529411765
22165,12.830425531914893
22166,12.210963855421687
22167,11.344387096774193
22168,8.504751552795032
22169,9.808898186889818
22170,7.433918228279387
22171,9.824140969162995
22172,9.579301075268818
22173,3.7262584378013504
22174,2.5004152823920265
22175,3.4374278215223097
22176,3.365239852398524
22177,11.877698412698413
22178,1.5691688724192694
22179,8.467755102040817
22180,11.26790973871734
22181,1.0243150684931506
22182,4.554888888888889
22183,6.304454545454545
22184,9.162142857142857
22185,1.9221848739495797
22186,3.2876243093922657
22187,4.4582474226804125
22188,4.452303754266212
22189,4.441556886227545
22190,2.363166023166023
22191,8.719051321928461
22192,8.921863799283154
22193,9.19276295133438
22194,9.175950920245398
22195,2.2445507584597433
22196,1.1763523809523808
22197,1.0332910874897792
22198,2.0674277456647396
22199,5.210192771084337
22200,5.628351648351647
22201,4.575178571428571
22202,5.21985347985348
22203,4.6514463840399
22204,4.204210526315789
22207,5.593863179074447
22208,1.5739737991266376
22209,1.4165413533834588
22210,1.392828947368421
22211,1.5192739273927391
22212,2.6239150401836966
22214,2.7232608695652174
22215,9.018688524590164
22216,1.0760655737704918
22217,1.4088181818181817
22218,5.389924812030075
22219,1.1341284403669725
22220,10.380882352941176
22221,10.636226415094338
22222,5.620880195599022
22223,5.434357541899441
22224,3.6321634615384615
22227,0.8906774668630338
22228,1.0142857142857142
22229,1.0193650793650793
22230,0.941010101010101
22231,1.5485530546623794
22232,1.5601898734177215
22233,1.5073529411764706
22236,13.367570754716983
22241,1.5821855670103093
22242,1.9124742268041237
22243,1.8988807785888075
22244,2.693385650224215
22245,1.1074768518518519
22246,2.729387755102041
22247,1.0407291666666667
22248,1.0717032967032967
22249,1.0317441860465115
22250,1.1338576779026217
22251,1.5616013071895423
22252,1.2838333333333334
22254,1.517236842105263
22255,1.1429605263157894
22256,1.5613076923076923
22257,1.2448333333333332
22258,1.4551470588235293
22259,1.295921052631579
22260,1.2836821705426356
22261,1.1492481203007519
22262,1.1508059701492537
22263,1.157837837837838
22264,1.054364640883978
22265,0.7647252747252747
22266,0.6844252873563219
22267,1.1753278688524589
22268,0.8329761904761904
22269,1.2144497607655502
22270,4.226303030303031
22271,3.2745903614457834
22272,3.1700000000000004
22273,3.3047943595769684
22274,3.279885057471265
22275,8.878235294117648
22276,3.0630357142857143
22277,2.4910852713178295
22278,6.788673218673218
22279,1.6152017937219731
22280,1.5528915662650604
22281,8.09384105960265
22282,16.957168949771688
22283,9.607902813299233
22284,1.9948089171974523
22285,1.9354676258992805
22286,1.7396482412060301
22287,1.6765873015873016
22288,1.587557251908397
22289,1.539375
22291,1.6390579710144928
22292,1.600041841004184
22293,1.7953138075313806
22294,1.4556470588235293
22295,1.8257777777777777
22296,1.815808988764045
22297,1.6455879494655004
22299,1.640622009569378
22300,3.0109420289855073
22301,3.178047337278106
22302,2.7223690773067326
22303,2.7263419117647056
22304,2.866949152542373
22305,2.7910135135135135
22306,2.047514450867052
22307,2.3757142857142854
22308,3.9464220183486236
22309,3.4832733812949637
22310,2.51995867768595
22311,4.521569230769231
22312,4.265762711864407
22313,4.241388888888888
22314,4.361660516605166
22315,1.442874692874693
22316,1.396774193548387
22317,3.675697674418605
22318,3.6664950980392157
22319,0.8046067415730337
22320,6.19956043956044
22321,1.2268253968253968
22322,1.233754512635379
22323,3.1701680672268906
22324,3.3361392405063293
22325,5.064956521739131
22326,3.4283275742916377
22327,3.791892285298399
22328,3.1916940789473687
22329,2.081485623003195
22331,1.9812860310421285
22332,1.8202564102564103
22333,1.8598058252427183
22334,1.7387084870848708
22335,0.8481365313653136
22336,0.746480686695279
22337,0.7505128205128205
22338,0.5601433691756272
22339,0.5834615384615385
22340,1.246755319148936
22341,2.3585425101214574
22342,2.050805084745763
22343,0.8245549738219894
22344,0.8388235294117647
22345,0.812089552238806
22346,0.8086915887850468
22347,1.6589655172413793
22348,1.0740140845070423
22349,4.155817694369973
22350,3.0973333333333333
22352,3.1343965517241377
22353,3.140257936507936
22354,4.2426315789473685
22355,1.1607585052983824
22356,1.1583446153846153
22357,5.130105708245243
22358,3.8876582278481013
22359,3.634433962264151
22360,3.775695067264574
22361,4.2653346456692915
22362,3.8026640926640924
22363,3.650919540229885
22364,3.9224576271186438
22365,8.931269146608315
22366,9.075129533678757
22367,2.259515455304929
22371,5.37191933240612
22372,5.368829431438127
22374,5.336292134831461
22375,5.5167218543046355
22376,5.257137404580153
22377,2.4806802721088435
22378,2.8756964285714286
22379,2.8976804441702653
22380,2.4678260869565216
22381,2.723262411347518
22382,1.8953139013452915
22383,2.0752333466294375
22384,1.9450844363304425
22385,2.438165495706479
22386,2.4179112833764
22389,2.5420212765957446
22390,2.649882352941176
22391,2.8157352941176472
22393,2.9387999999999996
22394,2.5852631578947367
22395,3.1966071428571428
22396,0.9371794871794872
22398,1.0271618625277161
22399,1.304421052631579
22400,0.8838461538461538
22402,0.9319083969465649
22403,1.1185067873303167
22405,1.3568260869565216
22406,1.4617543859649123
22407,1.3868421052631579
22408,1.4583838383838383
22409,1.554186046511628
22410,1.3916499999999998
22411,2.4425769569041336
22412,2.571718377088305
22413,3.3099562841530057
22414,9.447098214285715
22415,7.95
22416,1.5829050279329608
22417,0.710112749349523
22418,1.0193658536585366
22419,0.5995732838589982
22420,0.5902439024390244
22421,0.5904662004662005
22422,0.9919098143236074
22423,14.17526717557252
22424,15.377738095238096
22425,5.651826923076923
22426,4.707894736842105
22427,6.534436363636363
22428,7.983103448275862
22429,4.820545454545455
22430,5.616962365591398
22431,2.3702996845425868
22432,2.280037735849057
22433,2.2725688073394497
22434,2.0358193979933112
22435,1.4215909090909091
22436,0.6832236842105264
22437,0.9834913793103448
22438,1.9175789473684208
22439,0.7300519480519481
22440,0.4488125
22441,2.4277335984095427
22442,7.489116022099448
22443,8.492446808510637
22444,1.5846610169491524
22445,3.4544966442953022
22446,3.0569791666666664
22447,3.5235714285714286
22448,3.683709677419355
22449,3.4813149847094804
22450,3.5331840796019898
22451,3.8691760299625466
22452,2.6958174904942966
22453,2.8773684210526316
22454,3.1429896907216497
22456,6.328817330210773
22457,3.5180934403020294
22458,2.891657458563536
22459,2.927912087912088
22460,1.5251295336787567
22461,12.635065789473684
22464,1.9090920096852297
22465,1.8727364185110664
22466,2.3755555555555556
22467,2.842300429184549
22468,7.8778240740740735
22469,1.9272394243349324
22470,3.214829736211031
22471,5.882857142857143
22472,5.920229885057472
22473,5.27454128440367
22474,6.231895910780668
22475,6.036119402985075
22476,6.676771929824561
22477,1.6522183098591547
22478,1.6200621118012422
22479,1.5812217194570135
22480,1.276411149825784
22481,1.1589082969432314
22482,1.2478448275862069
22483,3.3494490358126727
22485,14.747163120567377
22486,9.892439024390244
22487,10.73502744237102
22488,1.9630666666666667
22489,0.512358024691358
22491,0.9031604938271605
22492,0.7696261682242991
22493,1.8433632286995516
22494,1.716008230452675
22495,3.4340816326530614
22496,3.1164321608040204
22497,5.30298969072165
22498,6.831285347043702
22499,6.6229389312977105
22500,5.1232211538461545
22501,13.654280254777069
22502,8.011983385254414
22503,25.856140350877194
22504,25.828644067796606
22505,5.488891752577319
22507,5.97020719738277
22508,4.388420329670329
22509,15.734947916666664
22510,3.4251612903225808
22511,3.435948275862069
22512,3.6889333333333334
22513,4.346114285714286
22514,2.346512605042017
22515,2.480555555555556
22516,2.4991954022988505
22517,2.4086075949367087
22518,2.5614855072463767
22519,2.5044237918215617
22520,0.9261803713527852
22521,0.9367700258397932
22522,0.9070434782608696
22523,0.9277322404371585
22524,1.5799666666666667
22525,1.6751603498542276
22526,13.652714285714287
22528,1.4928063943161634
22529,0.4544444444444444
22530,0.49723232323232325
22531,0.48770114942528736
22532,0.45580645161290323
22533,0.47528
22534,0.49767255216693423
22535,0.4701607717041801
22536,0.4561616161616161
22537,0.48959568733153636
22538,0.5385227272727273
22539,0.5464772727272726
22540,0.500050505050505
22541,0.561304347826087
22543,0.51064
22544,0.5144444444444444
22545,0.5372020725388601
22546,0.5187700534759357
22547,0.5925
22548,1.3913174946004319
22549,1.8602788844621514
22550,4.414104308390022
22551,1.81086169442433
22553,1.9041856540084388
22554,1.8675958702064896
22555,1.8073921568627451
22556,1.774475965327029
22557,1.8280115511551154
22558,1.667093949044586
22559,1.5045631067961165
22560,1.3744572158365262
22561,1.7429131355932204
22562,1.3205097087378639
22563,1.3169001751313485
22564,1.3195013850415511
22565,1.0297288135593219
22566,0.986813880126183
22567,1.4606679035250463
22568,4.159246501614639
22569,4.208819362455726
22570,4.304006968641115
22571,1.0473056057866184
22572,1.0405236907730673
22573,1.0943548387096773
22574,1.0715349887133183
22575,2.103867403314917
22576,1.0602191780821917
22577,0.657599093997735
22578,0.632230303030303
22579,0.702
22580,6.190155945419104
22581,0.9481204819277108
22582,2.8851592356687896
22583,2.990342105263158
22584,2.869397394136808
22585,1.3769608659450459
22586,1.0078730158730158
22587,1.002433234421365
22588,3.1233463796477494
22589,3.1168217054263567
22591,3.461556603773585
22592,4.434952681388013
22593,1.068212669683258
22594,1.1094663573085848
22595,1.0042293906810036
22596,1.1232
22597,0.7895081967213115
22598,0.7614
22599,0.7411340206185567
22600,1.015774336283186
22601,1.0309213483146067
22602,1.0347535211267607
22603,1.0403605769230768
22604,2.740679245283019
22605,14.843215926493107
22606,16.35012987012987
22607,10.03187172774869
22608,0.4676162790697674
22609,0.5772463768115942
22610,0.5636301369863013
22611,5.190742574257426
22612,4.2005405405405405
22613,0.9661754385964912
22614,0.42041237113402063
22615,0.44826530612244897
22616,0.42399321266968326
22617,5.2921716649431225
22618,10.441050583657587
22619,4.4661599999999995
22620,1.5726703910614526
22621,1.8136582694414018
22622,11.501324503311258
22623,5.689058614564831
22624,9.351139041633935
22625,9.78615230460922
22626,9.20866295264624
22627,9.501033973412111
22628,5.658296089385475
22629,2.1751010452961674
22630,2.301094420600858
22631,2.4990317919075142
22632,2.2034796926454447
22633,2.20275828460039
22634,10.15032380952381
22635,10.30901768172888
22636,8.79458984375
22637,3.016
22638,2.3650632911392404
22639,2.7166666666666663
22640,2.561304347826087
22641,2.636619718309859
22642,2.582185430463576
22643,2.3886407766990287
22644,1.9660248447204967
22645,2.0163578680203043
22646,1.8734689507494646
22647,1.5563529411764705
22649,5.780810810810811
22650,1.843771043771044
22651,1.166541095890411
22652,1.9064212910532274
22653,2.0560804020100503
22654,7.3927962085308065
22655,188.33333333333334
22656,214.86486486486487
22659,2.326488812392427
22660,9.077142857142858
22661,0.959236641221374
22662,1.9185603864734297
22663,2.4384615384615382
22664,2.772919708029197
22665,3.784678522571819
22666,3.6007130534790113
22667,2.9891101223581757
22668,3.9308163265306124
22669,3.665468409586057
22670,1.570561797752809
22671,2.0372265625
22672,1.9545691906005223
22673,1.4541089108910892
22674,1.4521241830065361
22675,1.4520430107526883
22676,1.5963578274760382
22677,1.6521478873239437
22678,1.62640625
22679,1.6335897435897435
22680,1.5819409282700423
22681,1.6167179487179486
22682,1.5444324324324323
22683,1.5988717948717948
22684,1.5985882352941176
22685,1.4697546012269938
22686,1.8215625
22687,9.817046979865772
22688,8.407373737373737
22689,9.372142857142856
22690,8.218791946308725
22691,8.903891402714931
22692,9.496857610474631
22693,1.4624715909090908
22694,2.4063909774436087
22695,1.740204081632653
22696,2.2603492063492063
22697,3.7789761570827487
22698,3.672626641651032
22699,3.622318548387097
22700,2.8713725490196076
22701,2.861801242236025
22702,2.173737373737374
22703,1.934191616766467
22704,0.41894039735099337
22705,0.42
22706,0.4174803149606299
22707,0.42
22708,0.4185093167701863
22709,0.415064935064935
22710,0.41597701149425287
22711,0.41912087912087914
22712,0.5497722960151802
22713,0.5572538860103626
22714,0.5386263736263737
22715,0.5113574660633484
22716,0.5159782608695652
22717,0.5423981900452488
22718,0.5643542435424355
22719,1.8852439024390244
22720,5.829292351679771
22721,5.3833
22722,4.666367869615832
22723,4.295412541254126
22725,4.731134020618557
22726,4.463522476050111
22727,4.359311768754301
22728,4.525909980430528
22729,4.480305810397553
22730,4.39873577749684
22731,1.4999653979238754
22732,1.5523333333333333
22733,1.5112876712328767
22734,3.270431472081218
22735,2.3467315175097276
22736,2.2148878923766815
22737,2.1420408163265305
22738,2.193563432835821
22739,2.2010413476263397
22740,1.0965396825396825
22741,1.108294314381271
22742,3.120261780104712
22743,3.5890476190476193
22744,3.221851851851852
22745,2.4748056994818652
22746,2.4248768472906406
22747,2.4015348837209305
22748,2.406923076923077
22749,4.070794078061911
22750,4.014783236994219
22751,4.145445344129555
22752,9.460317040951123
22753,0.9568457943925233
22754,1.0033973128598848
22755,0.9806214689265538
22756,1.4083555555555556
22757,1.5404863221884497
22758,1.5337685459940653
22759,1.9775732708089095
22760,14.367903225806451
22761,25.198108108108105
22762,17.451884057971014
22763,11.086206896551724
22766,3.1946893491124264
22767,10.340980392156862
22768,10.73048
22770,16.29191780821918
22771,1.5342962962962963
22772,1.6455952380952379
22773,1.5437860082304526
22774,1.5506598984771574
22775,1.6687025316455695
22776,11.172640449438202
22777,10.162545454545455
22778,4.923301886792453
22779,4.195096153846154
22780,4.193936170212766
22781,9.501156250000001
22782,19.985714285714284
22784,5.6442278481012655
22785,7.372
22786,7.154242424242424
22788,11.863296703296703
22789,2.13
22791,1.5076923076923077
22792,1.1303571428571428
22794,8.922258064516129
22795,7.966923076923076
22796,10.51446483180428
22797,18.720616438356164
22798,3.7412860892388453
22799,8.822181818181818
22800,4.824463667820069
22801,4.636441717791411
22802,19.372647058823528
22804,3.1546573426573428
22805,1.655795918367347
22806,3.3623333333333334
22807,3.717866242038217
22808,3.5549411764705883
22809,3.3602439024390245
22810,3.4238797814207653
22811,4.093020134228188
22812,2.558167641325536
22813,2.4534398034398035
22814,0.5053156146179402
22815,0.5008022922636103
22816,0.48341825902335456
22817,0.4984444444444444
22818,0.47948837209302325
22819,0.4836336336336336
22820,0.6359821428571429
22821,0.7230890052356022
22822,6.376082474226805
22824,35.71000000000001
22825,8.3205
22826,114.02439024390245
22827,158.51351351351352
22829,10.93512
22831,3.3680555555555554
22832,11.545402298850576
22834,2.303728070175439
22835,5.636565096952909
22837,5.287026022304833
22838,16.978912280701753
22839,18.251935483870966
22840,8.32767220902613
22841,8.446708860759493
22842,7.067642276422765
22843,7.164918918918919
22844,10.556576402321083
22845,7.795902439024391
22846,17.641620111731843
22847,17.180182555780934
22848,17.94107594936709
22849,16.972807017543857
22851,0.9551607142857143
22852,4.54825
22853,3.591224489795918
22854,5.490238095238095
22855,1.4723399558498897
22856,3.4518181818181817
22857,1.4291304347826086
22858,1.9451408450704224
22859,1.9441860465116279
22860,1.9616379310344827
22863,3.2143478260869567
22865,2.3464791818845874
22866,2.314728
22867,2.3679933938893476
22868,2.9707142857142856
22869,3.066140350877193
22870,3.2038775510204083
22871,3.266
22872,3.132051282051282
22873,2.91125
22875,2.871935483870968
22878,3.420666666666667
22880,3.178717948717949
22881,3.151111111111111
22882,2.9750980392156863
22883,3.3145714285714285
22884,3.0636585365853657
22885,3.0366666666666666
22886,2.917586206896552
22887,2.9549999999999996
22888,3.058695652173913
22889,3.4260465116279066
22890,11.053705035971223
22891,5.646507936507937
22892,1.3165551839464882
22893,0.6163101604278075
22894,9.744646464646463
22895,3.466430205949657
22896,3.123342105263158
22897,1.76140522875817
22898,2.458470824949698
22899,2.4320090293453727
22900,3.656819306930693
22902,2.574174311926605
22903,3.069761904761905
22904,3.3599595141700407
22905,2.97755
22906,1.995404339250493
22907,0.9705359179019384
22908,0.9587058823529412
22909,0.975063078216989
22910,3.299669260700389
22911,3.201525423728814
22912,5.337058823529412
22913,5.546717557251909
22914,5.471397849462366
22915,1.2712135922330097
22916,0.8660516605166051
22917,0.8637956204379562
22918,0.8596350364963503
22919,0.8498507462686566
22920,0.8704744525547445
22921,0.862050209205021
22922,1.6531896551724137
22923,1.1754081632653062
22924,1.5785714285714285
22925,6.5163861386138615
22926,6.335222672064777
22927,6.79954802259887
22928,7.742644628099174
22930,3.0525757575757573
22931,2.812408759124087
22932,2.696133333333333
22933,3.4843548387096774
22934,3.2253846153846157
22935,3.7729411764705882
22936,4.286296296296296
22937,2.904302325581395
22938,2.072097902097902
22939,5.945265957446809
22940,4.544135802469135
22941,9.745219885277246
22942,8.57263940520446
22943,5.965805626598466
22944,1.4704761904761905
22945,2.3034048257372652
22946,18.678710801393727
22947,15.564639639639639
22948,1.9512121212121212
22949,1.7528961748633878
22950,1.5707002801120449
22951,0.6738814814814815
22952,0.7172871917263325
22953,1.3714615384615385
22954,1.3850980392156862
22955,2.2589320388349514
22956,2.2057770270270267
22959,0.4181184668989547
22960,5.050057283142389
22961,1.882395023328149
22962,1.0495287958115183
22963,1.0722285714285713
22964,2.5023041474654377
22965,2.3284363636363636
22966,1.442531806615776
22968,11.765654761904761
22969,1.7699867374005305
22970,2.7268923076923075
22971,2.7821167883211677
22972,2.001710037174721
22973,2.0317857142857143
22974,2.03836820083682
22975,1.5617619047619047
22976,1.5109090909090908
22977,1.4927922077922078
22978,4.341757322175733
22979,1.811820512820513
22980,1.920909090909091
22981,1.8662385321100916
22982,1.6353990610328637
22983,0.5274781085814361
22984,0.4755
22985,0.41884057971014493
22986,0.4193203883495145
22988,1.5004665314401624
22989,3.6851187335092352
22990,5.310952380952381
22991,2.27135231316726
22992,2.2687186629526463
22993,1.4950907441016332
22994,0.5273303167420814
22995,0.541037037037037
22996,0.5288516746411484
22997,0.49198237885462553
22998,0.4961721611721611
22999,0.4810869565217391
23000,0.5190035587188612
23002,0.5216751269035533
23004,0.6006167400881057
23005,0.5200806451612903
23006,0.5186206896551724
23007,15.919027027027028
23008,16.138296296296296
23009,15.988252427184465
23010,16.302410714285713
23012,4.621792828685258
23013,4.669733333333333
23014,4.855258215962442
23020,12.99592105263158
23025,2.269814814814815
23026,2.3233846153846156
23028,1.9233812949640285
23029,1.8366666666666664
23031,1.8250318471337579
23032,1.7719323671497582
23033,1.81
23034,1.623478260869565
23035,1.642
23040,6.278372093023257
23041,4.61
23046,6.809444444444445
23048,4.653962264150944
23049,8.921505376344086
23050,9.223268292682926
23051,9.636790123456791
23052,9.784460431654676
23053,9.809878787878787
23054,9.52328244274809
23055,5.636585365853659
23056,6.188837209302326
23057,4.792083333333333
23060,2.2197727272727272
23061,1.5305833333333332
23065,12.971400000000001
23066,8.921294117647058
23067,4.344823529411765
23068,2.584820143884892
23069,6.4381818181818184
23070,5.090909090909091
23073,12.412903225806453
23075,4.2449397590361455
23076,1.3499280575539567
23077,1.3451594202898551
23078,1.4267315175097277
23079,8.937155963302752
23080,9.32689393939394
23081,9.39892857142857
23082,4.089087947882736
23083,4.234640000000001
23084,2.3805019305019304
23085,10.82
23086,1.5141666666666669
23087,1.5915942028985506
23088,1.627594936708861
23089,2.378296943231441
23090,0.9780392156862744
23091,6.712718894009217
23092,8.099485294117647
23093,2.7840972222222224
23094,12.815443037974683
23096,2.022702702702703
23099,7.039152542372881
23100,1.424248120300752
23101,0.9711872146118722
23102,0.9681481481481482
23103,1.8406005221932114
23104,12.859130434782609
23106,2.9428301886792454
23107,3.2009589041095894
23108,6.468746666666667
23109,3.258194945848375
23110,6.658793774319066
23111,13.468920863309354
23112,9.160330578512397
23118,8.39046511627907
23119,0.7780921052631579
23120,0.4647787610619469
23121,0.5484166666666667
23122,1.0355797101449276
23123,1.0125
23126,5.368020134228188
23127,5.258020304568528
23128,5.2602112676056345
23129,4.576279069767442
23130,4.519456521739131
23131,4.203675213675214
23132,6.213032258064516
23133,9.162451612903226
23135,5.675777777777777
23136,4.034081632653061
23138,1.593448275862069
23139,1.6072413793103448
23140,4.535769230769231
23142,11.11675
23144,0.9436727272727272
23145,1.0791764705882354
23146,3.511538461538462
23147,1.5253383458646617
23148,0.9124124513618677
23150,2.9436734693877553
23152,3.949444444444444
23153,4.236666666666666
23154,2.2028915662650603
23155,1.4627007299270072
23156,2.2572169811320757
23157,2.3583040935672512
23158,2.670194552529183
23159,2.3136521739130433
23160,1.485064935064935
23161,1.593061224489796
23162,4.422272727272728
23163,3.329234449760766
23164,5.579673913043479
23165,1.9743356643356642
23166,1.46848
23167,1.0025210084033613
23168,1.7759475218658891
23169,4.720473186119874
23170,2.0747533632286994
23171,2.128433420365535
23172,2.066470588235294
23173,11.108705882352941
23174,4.793138461538462
23175,3.876897590361446
23176,2.659606986899563
23177,2.6971062271062274
23178,3.323428571428572
23179,3.5243396226415094
23180,5.939387755102041
23181,9.421463414634145
23182,1.5163004484304932
23183,4.879411764705883
23184,6.4533082706766915
23185,0.3496875
23186,0.3409859154929577
23187,0.3154666666666667
23188,1.9333038348082596
23190,1.7966009852216749
23191,1.8677474402730376
23192,1.7722408963585432
23193,2.714640883977901
23194,2.7049321266968325
23196,1.7919480519480517
23197,1.9482539682539681
23198,1.7967280163599182
23199,2.568937246963563
23200,2.4279235880398673
23201,2.390556768558952
23202,2.2953543307086615
23203,2.27466773418735
23204,1.1219453924914675
23205,1.1478389830508473
23206,2.052082166199813
23207,1.986075619295958
23208,1.9316279069767441
23209,1.8233570792520035
23210,1.4615942028985507
23211,1.561341463414634
23212,1.49
23213,1.4850641025641025
23214,2.3782568807339453
23215,2.2590740740740745
23216,1.446888888888889
23217,1.5415151515151517
23221,1.0746
23223,1.0837362637362635
23226,1.5736363636363635
23227,1.5737606837606837
23228,1.7907142857142857
23229,4.2430078125
23230,0.4173728813559322
23231,0.41907692307692307
23232,0.4175308641975308
23233,0.41861635220125787
23234,3.375714285714286
23235,2.964814814814815
23236,3.269351032448377
23237,4.250561797752809
23238,4.737368421052632
23239,4.387096774193548
23240,4.4433454545454545
23241,2.47644385026738
23242,2.277085201793722
23243,5.860274261603376
23244,2.089642857142857
23245,5.877074829931972
23247,3.280507936507937
23249,1.885121951219512
23250,1.4680909090909091
23251,1.411322314049587
23252,4.03290780141844
23253,17.148857142857143
23254,4.264853420195441
23255,4.345723270440252
23256,4.461390374331551
23263,1.4427104722792607
23264,1.4942586750788645
23265,1.4750473186119872
23266,1.4510233918128654
23267,1.4116216216216215
23268,1.6883333333333332
23269,1.7055670103092784
23270,1.499621212121212
23271,1.051682242990654
23273,1.8786725663716815
23274,2.006747967479675
23275,1.4692375366568915
23280,1.0588679245283017
23281,0.9803846153846153
23282,1.255912408759124
23283,8.65824034334764
23284,8.774136054421769
23285,1.06703125
23286,1.03009009009009
23287,1.032128712871287
23288,1.0418817204301074
23289,1.5367708333333334
23290,1.4348372093023256
23291,1.5223350253807106
23292,1.530044642857143
23293,1.061832740213523
23294,1.0847945205479452
23295,1.1086593406593406
23296,1.5235248041775458
23298,5.517167381974249
23299,4.362094594594595
23300,1.906416558861578
23301,1.9420626349892007
23302,1.8846186440677966
23306,1.8061290322580643
23307,0.6812844036697248
23308,0.6923857868020304
23309,0.7388372093023255
23310,0.47804878048780486
23311,2.9656772334293944
23312,4.450913242009133
23313,5.541380145278451
23315,10.776511627906977
23316,11.09900900900901
23317,11.21156626506024
23318,2.7403385416666666
23319,2.6480906921241054
23320,2.8023837209302327
23321,1.7467228177641652
23322,3.131646655231561
23323,2.2493137254901963
23335,2.326326530612245
23336,2.598390804597701
23337,2.287971014492754
23338,2.3390825688073393
23339,2.505974025974026
23341,9.93122950819672
23342,8.829454545454546
23343,2.4152965235173824
23344,2.413128415300547
23345,1.502122905027933
23346,1.5157978723404257
23347,1.5569387755102042
23348,2.570982658959538
23444,15.189873417721518
23545,0.41905882352941176
23546,0.42
23547,0.42
23550,0.41875
35001G,4.198623853211009
35001W,4.059
35004B,6.717428571428572
35004C,7.660216802168023
35004G,6.251025641025641
35015,0.09128205128205129
35095A,0.6407692307692308
35095B,0.6189617486338798
35160,0.8171428571428571
35240,8.49
35241,6.076691729323309
35400,10.456191588785046
35471A,1.6135294117647059
35471D,1.2393478260869564
35594,0.984
35598B,2.62125
35598D,1.6804464285714285
35599B,5.797454545454546
35599D,4.768867924528302
35607A,0.326875
35637A,6.413333333333333
35645,5.501764705882353
35646,2.3989814814814814
35647,1.7655999999999998
35648,1.8226
35649,3.0605555555555557
35651,3.6178461538461537
35653,3.7797457627118645
35809A,2.4812777777777777
35809B,2.5727272727272728
35810A,2.336936416184971
35810B,2.278695652173913
35811A,2.913809523809524
35819B,0.6940540540540541
35832,3.698854166666667
35833P,2.3182608695652176
35911A,1.5112244897959184
35912B,1.8312903225806452
35914,1.6675
35915B,1.2228571428571429
35915C,1.3530487804878046
35916A,1.043695652173913
35916B,0.981063829787234
35916C,1.240909090909091
35921,2.8282
35922,7.111666666666666
35923,1.269122807017544
35924,2.757929292929293
35951,1.1871739130434782
35953,0.8180701754385966
35954,1.2165354330708662
35957,1.200473372781065
35958,0.9627272727272728
35961,1.1456137724550899
35962,2.8146391752577316
35964,1.1133333333333333
35965,3.2949726775956285
35967,0.7929059829059829
35968,0.6911538461538461
35969,1.909230769230769
35970,2.255747922437673
35971,1.7821367521367522
35972,1.7579545454545453
35981C,0.6528767123287671
35991,0.8668421052631579
37327,1.6292473118279571
37330,2.306785714285714
37333,6.825573770491803
37340,3.4458490566037736
37342,2.103712121212121
37343,2.0842592592592593
37370,5.495472370766488
37413,0.4107228915662651
37422,1.3546575342465754
37423,1.330285714285714
37424,1.2758181818181817
37441,4.9843636363636366
37444A,3.1855102040816328
37444B,3.785172413793104
37444C,4.504745762711865
37446,1.8691494252873564
37447,1.997566844919786
37448,1.7922045855379187
37449,11.183441295546558
37450,3.455606796116505
37461,1.6062886597938144
37462B,0.754375
37462E,0.6613333333333333
37464,1.7619047619047619
37467,2.6380303030303027
37474,10.775531914893616
37475,10.557397260273971
37476,11.435185185185185
37479B,3.0776470588235294
37479P,2.161578947368421
37482P,3.940114942528736
37489A,1.2838461538461539
37492B,3.6697727272727274
37495,4.139673590504451
37500,9.24141791044776
37501,7.329398907103825
37502,3.3052272727272727
37503,11.71764258555133
37506,5.95
37508,2.6045833333333333
40001,1.07024
40003,1.519672131147541
40016,1.8949999999999998
40018E,2.823614457831325
40018F,2.2810833333333336
40046A,1.7974193548387096
44230,9.157547169811322
44234,0.37785714285714284
46000M,1.55
46000P,4.25
46000R,1.45
46000S,1.45
46000U,1.25
46118,3.101486486486486
46126A,1.5891666666666666
46138B,2.678
46775D,12.656770833333333
46776A,4.3602459016393444
46776B,4.261346153846154
46776C,4.322424242424242
46776D,4.279605263157895
46776E,4.192405063291139
46776F,4.206687898089172
47013A,0.2764
47013C,0.35
47021G,2.225753424657534
47310M,1.6622988505747127
47343A,1.2307142857142856
47367B,3.527676767676768
47420,0.19
47421,0.4152272727272727
47422,0.41505882352941176
47469,0.63275
47471,0.9414285714285715
47480,2.267272727272727
47481,1.1241304347826087
47502,14.809113924050632
47503A,0.6340886699507389
47503H,1.9535820895522387
47503J,10.893116883116884
47503K,2.2484444444444445
47504E,1.849375
47504G,1.9168965517241379
47504H,2.125104895104895
47504K,1.8908641975308642
47505,5.332596685082873
47518F,0.4135294117647059
47556B,3.1982119205298014
47559B,1.408970189701897
47559b,3.292608695652174
47563A,3.366064516129032
47566,5.723434306569343
47566B,5.294719387755102
47566b,8.32103448275862
47567B,6.214613333333333
47568,2.5381009615384618
47570,12.235696202531646
47570B,11.783722943722944
47574A,2.3198496240601507
47574B,4.25
47578A,1.0338271604938272
47579,2.5521052631578947
47580,3.146556473829201
47581B,16.222972972972972
47585A,4.4506000000000006
47586A,2.3415624999999998
47589,5.594050632911393
47590A,5.789942857142857
47590B,5.737337807606265
47591A,1.6547142857142856
47591B,1.668989898989899
47591C,2.091446540880503
47591D,2.1207894736842103
47591d,4.991081081081081
47592A,1.8420792079207922
47593A,0.9405050505050505
47593B,0.7954054054054054
47594A,2.102336448598131
47594B,2.1503225806451614
47597,1.9637301587301585
47599A,2.2895800524934384
47599B,2.2213898305084747
48111,8.805594125500669
48116,8.810298210735587
48129,8.22415770609319
48138,8.039294532627865
48173C,7.906563106796117
48173c,15.737435897435898
48184,8.239112903225807
48185,9.179257425742573
48187,8.092170601675553
48188,8.50963224893918
48189,9.07090579710145
48194,8.594435600578871
48195,8.175568181818182
48197,9.610977777777777
51008,3.3964285714285714
51014A,0.8265194805194804
51014C,0.831709090909091
51014L,0.7772294372294372
51020A,0.8438461538461539
51020B,0.9712903225806452
62018,1.7992307692307692
62094B,3.9523529411764704
62096A,2.227311827956989
62096B,2.315542168674699
70006,1.992
70007,2.1564529914529915
71038,5.4126666666666665
71053,4.4935994930291505
71101E,0.8367346938775511
71143,2.001165048543689
71270,1.6413636363636364
71279,3.8454117647058825
71403,4.567916666666666
71406C,0.46648648648648644
71459,1.114695652173913
71477,3.7421976744186045
72008,0.4409049773755656
72051S,0.6622033898305085
72122,1.1297619047619047
72127,1.3086301369863014
72128,0.8865306122448979
72130,0.6803125
72131,1.6769841269841268
72132,1.7183870967741934
72133,1.3288571428571427
72134,0.9229032258064516
72140E,0.8913333333333333
72225C,0.2689473684210526
72232,0.19
72349B,2.4295333333333335
72349b,4.168677685950413
72351A,2.299322033898305
72351B,2.3726011560693645
72351a,4.186
72586,0.5913829787234042
72598,1.1875147928994083
72728,0.8452727272727273
72741,1.7357861635220126
72750B,3.078205128205128
72760B,10.81412109375
72780,0.8411363636363636
72789,3.837608695652174
72799C,3.06625
72799E,2.9463020833333338
72799F,3.104424778761062
72800B,2.6176767676767674
72800C,2.6530487804878047
72800D,2.699130434782609
72800E,2.495891719745223
72800F,2.4995833333333333
72801C,1.3659649122807018
72801D,1.4442857142857142
72801G,1.350597014925373
72801c,2.475277777777778
72801d,2.476393442622951
72802A,4.48937823834197
72802B,4.424054054054054
72802C,4.5843554006968645
72803A,4.376176470588235
72803B,4.461
72807A,5.752489270386266
72807B,5.266016597510373
72807C,5.372216066481995
72807c,8.494545454545454
72811,1.4468181818181818
72812,3.236774193548387
72814,3.8826315789473687
72815,4.061944444444444
72816,1.942875816993464
72817,1.3115720524017467
72818,0.843125
72819,2.9979999999999993
75013B,2.013658536585366
75049L,1.5533893557422969
75131,1.7238028169014084
75178,1.4807407407407407
77081,1.7766666666666666
77101A,1.4930434782608695
78124,1.8896969696969697
79000,1.3618181818181818
79029,2.2519889502762434
79030D,2.17515625
79030G,3.00304
79051A,0.7190322580645161
79066K,1.0819678714859438
79067,4.973526570048309
79071B,3.17089552238806
79144B,0.6427551020408163
79144C,0.7285294117647059
79160,2.4920614035087723
79163,2.5193939393939395
79164,6.342708333333333
79190A,0.5776229508196721
79190B,0.5406521739130434
79190D,0.5611403508771929
79191B,1.0384722222222222
79191C,0.9795652173913044
79191D,1.2092857142857143
79192A,1.4317142857142857
79302M,3.7073684210526316
79320,5.884066666666667
79321,6.266393581081081
79323B,7.710677966101695
79323LP,6.871764705882353
79323P,7.28390977443609
79323W,7.03
79403,1.1570270270270269
79406,0.3961904761904762
81950B,0.9194444444444445
81952V,0.6812244897959184
82001S,4.292911392405063
82011A,4.359705882352941
82011B,4.240816326530613
82011C,5.197123287671233
82095,6.222653061224491
82482,2.9175587529976017
82483,6.483091828138163
82484,7.802115702479338
82486,8.615552260934024
82494L,3.195332040717402
82494l,8.224318181818182
82551,1.6747730220492867
82552,1.5454456654456654
82567,2.19152
82578,0.713068493150685
82580,0.7662391930835735
82581,0.691104033970276
82582,2.360012048192771
82583,2.760499194847021
82597,2.569276018099548
82599,2.7346096654275094
82600,2.411385979049154
82605,2.392734375
82607A,1.8043478260869565
82613A,1.604201680672269
82613B,1.7437931034482759
82613C,1.7563730569948184
82613D,1.7058571428571427
82615,3.2659782608695656
82616A,2.9890384615384615
82616B,2.24875
82616C,2.222953020134228
84006,1.113716814159292
84007,2.675121951219512
84012,1.7525683060109287
84016,53.19758064516129
84029E,4.4419604743083
84029G,4.788903863432165
84030E,4.866086956521739
84030e,8.485686274509803
84031A,4.701651651651652
84031B,4.718754325259516
84032A,3.3247345767575327
84032B,3.0975917065390752
84033,3.386862745098039
84050,2.158229027962716
84051,0.89421875
84077,0.2834611697027804
84078A,45.95018237082067
84086C,3.2737234042553194
84192,1.2415555555555555
84199,0.22078947368421054
84212,0.8417142857142857
84218,2.05
84228,0.6372916666666667
84231,0.8629411764705882
84247E,2.8632075471698113
84247G,0.48672566371681414
84247K,3.2546666666666666
84247L,0.5249557522123894
84247N,2.412909090909091
84249A,0.6129411764705882
84249D,0.47815384615384615
84251B,0.4141269841269841
84251C,0.43370370370370365
84251F,0.4414
84251G,0.45322580645161287
84270,0.24736514522821573
84279B,4.2889908256880735
84279P,4.6408737864077665
84313B,7.2016470588235295
84313C,5.152739726027397
84327A,2.0976800000000004
84341B,0.9002189781021898
84347,3.3375717703349284
84352,17.904360902255636
84356,6.547985074626866
84358,12.552666666666665
84360,6.196511627906976
84375,2.5094372801875733
84378,1.5961739799846033
84380,1.6716840277777778
84405A,11.7106
84406B,3.7159751972942505
84422,1.0292307692307692
84429A,4.024318181818182
84452,1.1748888888888889
84457,1.1379104477611939
84459A,2.346682464454976
84459B,2.1383710407239818
84466,1.625
84482,4.096176470588236
84497,4.131463414634146
84499,1.238780487804878
84507B,2.9207758620689654
84507C,2.708767123287671
84508A,2.5124324324324325
84508B,2.802375
84508C,2.9778260869565214
84509A,4.578536585365854
84509B,4.271881188118812
84509C,4.418469387755102
84509E,4.1315625
84509F,3.9371739130434786
84509G,3.773167701863354
84509a,7.4770666666666665
84509c,7.553333333333334
84510A,1.6774745417515275
84510B,1.647037037037037
84510C,1.676346153846154
84510E,1.8128571428571427
84510F,1.45125
84510a,2.4777966101694915
84510c,2.483611111111111
84519A,2.983640776699029
84519B,2.893256880733945
84520B,1.0372944297082227
84522,1.862962962962963
84526,2.112058823529412
84531A,1.3337999999999999
84531B,1.2553191489361701
84534B,1.2025380710659896
84535B,0.8511403508771931
84536A,0.5365217391304348
84536B,0.5790361445783132
84558A,3.1410132158590307
84559A,1.0755601659751037
84559B,1.0397560975609756
84559D,0.905
84559a,1.6792857142857143
84562A,9.32074074074074
84563A,6.019375
84563B,5.110634920634921
84568,0.37328025477707005
84569A,1.3756410256410256
84569B,1.4108333333333334
84569C,1.792696629213483
84569D,1.455925925925926
84576,4.8925
84580,3.876115879828326
84581,3.851528925619835
84584,2.8196
84592,3.4335416666666667
84595E,3.282093023255814
84596B,0.8496666666666667
84596E,1.2449763033175356
84596F,0.8574235104669888
84596G,0.8675208913649025
84596J,1.203239436619718
84596K,1.4280645161290322
84596L,0.9748091603053435
84597B,1.612962962962963
84597C,1.4575555555555557
84598,0.372262443438914
84600,9.616730769230768
84609,11.045641025641027
84620,6.523725490196079
84625A,2.9517977528089894
84625C,2.723076923076923
84625D,2.341320754716981
84631,9.485294117647058
84637,5.864260869565217
84638,7.495652173913044
84658,6.965774647887324
84659A,2.562
84660A,2.2080392156862745
84660B,3.02258064516129
84660C,3.683720930232558
84660c,7.558064516129033
84661A,2.9223255813953486
84661B,3.268653846153846
84663A,4.504117647058824
84665,6.366666666666667
84670,0.4938144329896907
84673A,0.7392233009708737
84673B,0.9282014388489209
84674,3.228545454545455
84675,3.6961290322580647
84676,3.1355454545454546
84678,2.877555555555555
84682,3.3329411764705887
84683,1.6394230769230769
84685,5.730542635658915
84686,5.956842105263158
84687,6.906216216216216
84688,5.835432098765432
84689,5.3012500000000005
84691,1.024
84692,0.6273920406435224
84707A,10.471363636363636
84707B,8.65622641509434
84708B,5.391851851851852
84709B,5.926111111111111
84711B,8.988
84712B,7.799508196721312
84715,3.393617021276596
84725,2.1866666666666665
84741C,2.1222641509433964
84744,1.3445
84748,3.4561855670103094
84750A,3.0715238095238093
84750B,2.445128205128205
84754,1.5575103734439835
84755,0.8251689708141322
84760S,1.9223076923076923
84761,3.0954687499999998
84762B,8.7825
84763,1.4164204545454544
84766,4.628571428571428
84773,2.95
84789,4.041338582677166
84791,3.775740740740741
84792,5.260262172284644
84795A,9.6225
84795B,8.94265306122449
84795C,9.477954545454544
84795D,8.78421686746988
84796A,9.56162162162162
84796B,9.24565934065934
84799,1.0425
84800L,1.861842105263158
84800M,1.5892592592592591
84802A,1.69
84806B,1.3784375
84813,11.753564356435643
84815,5.3054385964912285
84817,1.6346250000000002
84818,2.037361111111111
84819,3.0085714285714285
84820,5.2263636363636365
84821,0.7980263157894737
84826,0.6916923076923077
84827,0.5721052631578948
84828,1.6291825613079018
84832,1.0861363636363637
84836,1.37696644295302
84837,13.41958904109589
84839,7.201572481572481
84840,9.165347222222222
84842,4.415555555555556
84843,7.0597345132743365
84846A,2.5694915254237287
84847,4.438039215686275
84849A,2.2186915887850467
84849B,2.0274750830564785
84849D,1.8918421052631578
84854,6.539557522123894
84856L,7.798536585365854
84856S,4.978787878787879
84858C,5.593999999999999
84859A,3.3916666666666666
84859C,3.041
84865,9.367358490566039
84870B,3.6644186046511624
84870C,3.4670454545454548
84872A,11.30343137254902
84874B,1.6463157894736842
84875B,2.0073170731707317
84876B,2.3472093023255813
84876D,3.5951351351351355
84877B,2.682093023255814
84877D,2.977446808510638
84879,1.8557351940095301
84880,6.720644329896907
84881,6.8595999999999995
84882,4.653947368421052
84884A,4.542031746031746
84884a,8.386923076923077
84898F,2.1739285714285717
84899F,1.899811320754717
84901,3.8551948051948055
84902,3.930377358490566
84905,5.029047619047619
84907,6.622222222222223
84908A,5.852702702702703
84908B,5.516857142857143
84910A,6.479444444444444
84912A,3.621914893617021
84912B,3.5060885608856087
84913A,3.607773722627737
84913B,3.687
84915,4.557317073170732
84916,4.503650793650794
84917,4.3275
84918,6.064920634920635
84919,6.965581395348837
84920,4.423626373626374
84923,4.359622641509434
84924A,4.804461538461538
84925D,2.3296296296296295
84925F,2.255
84926A,1.0137037037037036
84926D,1.0917999999999999
84926E,0.7690740740740741
84926F,1.4148837209302325
84927A,2.2811764705882354
84927D,1.7986666666666666
84927E,2.0863333333333336
84927F,1.644
84929,0.36861702127659574
84931A,2.6997674418604647
84931B,2.656551724137931
84937,4.96704
84944,3.8667632850241542
84945,1.0784057971014493
84946,1.5309369951534733
84947,1.4389659863945579
84949,1.8291928864569083
84950,0.9051557093425605
84951A,2.121897810218978
84951B,2.0461157024793386
84952A,3.260243902439024
84952B,3.043125
84952C,3.411063829787234
84968A,14.10625
84968B,14.82014492753623
84968C,14.967244897959183
84968D,13.317407407407407
84968E,12.587448979591835
84968F,13.399925373134328
84969,4.899322033898305
84970L,1.2453273542600896
84970S,1.0924128503075872
84970l,2.1011267605633805
84970s,2.1028155339805825
84971S,1.0785564853556484
84974,9.933606557377049
84975,2.0201357466063348
84976,1.723157894736842
84977,1.3073333333333332
84978,1.5094815825375172
84985A,1.751472392638037
84986B,1.52875
84987,1.8117973462002412
84988,2.0941114313160423
84989A,0.6829746835443039
84989B,0.6805172413793104
84989a,2.0228571428571427
84990,0.6424509803921569
84991,0.6640319007532123
84992,0.6848434504792332
84993A,0.53292817679558
84993B,0.4584269662921348
84993a,0.8373333333333333
84997A,4.129429037520392
84997B,4.07728045325779
84997C,4.022431332655137
84997D,4.1480246913580245
84997a,8.262592592592592
84997b,8.547666666666666
84997c,8.568
84997d,8.421976744186047
85006,2.546756756756757
85008,5.267378640776698
85014A,6.321610169491525
85014B,6.7030401737242125
85014C,6.527916666666666
85014a,12.627741935483872
85014b,12.60051282051282
85015,1.8445627376425853
85016,2.3628823529411767
85017A,0.8276795580110498
85017B,0.7544036697247707
85017C,0.8084
85018D,2.2198837209302327
85019A,2.7157999999999998
85019B,2.304255319148936
85019C,3.420769230769231
85020,2.58327868852459
85023B,2.526315789473684
85024C,1.65
85025B,2.1413725490196076
85025C,2.057293233082707
85026B,1.0715151515151515
85027L,4.730487804878049
85028L,5.863333333333333
85031A,3.543627450980392
85031B,3.398139534883721
85031C,3.508317757009346
85032A,1.2749693251533742
85032B,1.2616339869281046
85032C,1.3619999999999999
85032D,1.4427210884353743
85034A,3.8525503355704696
85034B,3.2816455696202533
85034C,2.922547169811321
85035A,4.361443298969072
85035B,3.9436428571428572
85035C,3.245566037735849
85036A,4.121584699453552
85036B,3.0597802197802197
85036C,3.0252857142857144
85038,2.498547215496368
85039A,1.636653846153846
85039B,1.662846715328467
85039C,1.7109917355371902
85039a,3.321276595744681
85040A,1.9750235849056603
85040B,1.742686567164179
85040a,3.3249999999999997
85041,1.7795999999999998
85042,4.980875420875421
85045,5.607701149425288
85047,7.051563786008231
85048,9.221524500907442
85049A,1.453337950138504
85049B,1.3151445086705202
85049C,1.341679389312977
85049D,1.319043062200957
85049E,1.4797760358342666
85049F,1.3109785932721711
85049G,1.3728205128205127
85049H,1.1591545189504373
85049a,3.317735849056604
85049e,3.303174603174603
85049g,2.43
85053,2.6170277078085644
85054,3.48981308411215
85055,4.664827586206896
85059,4.291355140186916
85060,1.405909090909091
85061W,1.0729423459244531
85062,1.794931506849315
85063,18.877692307692307
85064,6.193716216216216
85065,13.557076923076924
85066,14.126292834890966
85067,20.2710989010989
85068,8.649
85071A,1.2850331125827816
85071B,1.2805747126436782
85071C,1.6817482517482516
85071D,1.293391304347826
85078,1.5183734939759037
85086A,1.1639869281045752
85087,3.6622448979591837
85088,2.3424050632911393
85090,5.87925925925926
85093,1.2014193548387098
85094,0.8496396396396396
85095,1.7990000000000002
85096,4.579285714285715
85098B,4.695043478260869
85099B,2.3320538312318138
85099C,2.4074818276220147
85099F,2.2942970822281166
85103,7.723863636363637
85104,3.1273333333333335
85106,2.458787878787879
85107,2.436410256410256
85111,0.7504938271604938
85114A,1.9615887850467288
85114B,2.129744680851064
85114C,1.9716666666666667
85114c,3.3144186046511632
85116,1.5695431472081218
85118,1.2367441860465116
85119,1.757073170731707
85121B,12.071875
85121C,9.960943396226416
85123A,3.0748944776644396
85123a,6.547821782178218
85124A,3.2044210526315786
85124B,2.970285714285714
85124C,3.015748031496063
85125,5.449848484848485
85126,7.084444444444444
85127,6.874044943820226
85129A,1.4248148148148148
85129B,1.7149999999999999
85129C,1.6045714285714285
85129D,1.8849714285714285
85130A,1.8538709677419354
85130B,1.718214285714286
85130C,1.368450704225352
85130D,1.7791964285714283
85131A,0.9787317073170732
85131B,0.8616814159292034
85131C,0.9422666666666667
85131D,0.8740433212996389
85132A,6.679
85132B,5.05015873015873
85132C,5.052806451612903
85135A,8.029846153846155
85135B,8.114626865671642
85135C,8.172926829268292
85136A,8.131176470588235
85136B,8.020638297872342
85136C,8.130153846153847
85141,8.04439024390244
85142,9.25078947368421
85144,5.273684210526316
85145,9.22741935483871
85150,3.0057862728062554
85152,2.3107804232804234
85159A,6.344457831325301
85159B,4.945227272727273
85160A,5.4087499999999995
85160B,3.282162162162162
85161,18.25212121212121
85163A,12.30655172413793
85163B,14.094090909090909
85164B,16.834
85165,10.221379310344828
85166B,3.8473684210526313
85167B,4.204375
85168B,9.172830188679244
85169A,1.3966666666666665
85169B,1.515098039215686
85169C,1.388472222222222
85169D,1.5106741573033706
85170A,2.552941176470588
85170B,2.5824193548387098
85170C,2.8061467889908256
85170D,2.8672903225806454
85172,1.1937106918238996
85173,2.9478571428571425
85174,6.580051282051282
85175,1.1153626373626373
85176,1.1518037974683544
85177,1.0064429530201342
85178,1.3727462686567165
85179A,3.3844594594594595
85179B,5.1808695652173915
85180A,3.9513
85180B,4.240571428571429
85183A,2.3574825174825174
85183B,2.462342857142857
85184C,3.3247899159663867
85184D,3.4886567164179105
85185B,3.4896618357487923
85185D,3.716428571428572
85186A,0.616
85186C,0.6046794871794872
85187,1.9403508771929823
85188A,1.0229245283018866
85188B,1.0705194805194804
85189,0.9388571428571428
85194L,1.0451006711409396
85194S,0.783233082706767
85197,2.061012658227848
85198,1.0103703703703704
85199L,0.834270462633452
85199S,0.583011583011583
85200,1.3522429906542055
85202,0.5789912280701754
85203,0.5673191489361702
85204,0.3980625
85205B,3.193064516129032
85206A,1.805688073394495
85208,2.150212765957447
85211,2.05
85212,0.7417460317460317
85213,1.0491463414634146
85214,1.8309550561797752
85215,1.6290140845070422
85216,2.008368421052632
85217,1.7197590361445785
85222,2.2162264150943396
85224,1.9438805970149255
85226A,0.7335947712418301
85226C,0.7625882352941178
85227,1.1088247422680413
85230A,0.2683333333333333
85230B,0.27888888888888885
85230E,0.27545454545454545
85230F,0.27730158730158727
85230G,0.26999999999999996
85231B,1.0537956204379562
85231E,0.9464814814814815
85231G,0.9940892193308549
85232A,5.420214285714286
85232B,5.753956834532374
85232D,5.960506329113924
90000D,6.216666666666667
90002D,3.756486486486487
90003B,3.7792592592592595
90003C,3.7616216216216216
90003D,3.7734375
90005A,2.081864406779661
90010A,9.06774193548387
90010B,9.34361111111111
90010E,8.924166666666666
90013A,3.789493670886076
90013B,4.188780487804879
90013C,4.121
90014A,9.677249999999999
90014B,9.767
90016B,8.433333333333334
90018A,4.220169491525424
90018B,4.221212121212122
90019A,5.287307692307692
90019B,5.321724137931035
90019C,5.364722222222222
90022,3.7797297297297296
90028,8.442592592592593
90030B,4.066756756756757
90036E,7.991785714285714
90038A,3.786363636363636
90039D,3.7968
90040A,4.013823529411765
90040B,3.6744736842105263
90042A,2.554242424242424
90057,1.7997297297297299
90058B,0.49333333333333335
90059A,1.6734
90059C,1.6704166666666664
90059D,1.6760975609756097
90059E,1.671142857142857
90059F,1.6688888888888886
90062,12.663333333333332
90070,6.216571428571429
90071,1.2532894736842106
90072,4.110666666666667
90073,5.032777777777778
90081A,4.959615384615385
90081C,5.034054054054054
90082A,6.4760606060606065
90082B,6.35
90082D,6.497142857142856
90085,1.2125806451612902
90086,1.42
90087,1.3914545454545455
90089,1.2107142857142856
90093,1.1065384615384615
90094,2.536341463414634
90096,2.475185185185185
90098,2.327017543859649
90101,2.5253333333333337
90103,2.521333333333333
90104,0.8343396226415094
90114,2.4900884955752214
90115,2.626349206349206
90116,2.3309230769230767
90118,2.576206896551724
90119,2.5388372093023257
90120A,4.258095238095239
90120B,4.193720930232558
90120C,4.241333333333333
90120D,4.20025
90122A,4.999375000000001
90122B,4.999615384615385
90122C,5.009
90124B,10.058064516129033
90125D,2.7491666666666665
90129A,1.9298684210526313
90129B,2.061875
90129C,2.1040384615384613
90129D,2.1602777777777775
90129E,1.9126229508196722
90129F,2.145111111111111
90130B,2.938235294117647
90130C,2.9448000000000003
90133,5.055833333333333
90134,2.941134020618557
90143,7.634666666666667
90144,3.7712121212121215
90145,6.1286956521739135
90147,10.148360655737704
90157,4.9816
90158,5.030769230769231
90159,4.974
90160A,6.98
90160B,6.8420689655172415
90160C,7.01
90160D,6.9764
90161A,5.028260869565218
90161B,5.0215000000000005
90161C,5.021980198019802
90161D,4.994545454545454
90163A,7.605416666666667
90164A,6.93
90164B,6.648571428571429
90165A,2.524074074074074
90165B,2.5237142857142856
90166,4.2171875000000005
90167,1.0860714285714286
90170,1.6717567567567566
90173,3.796071428571429
90174,2.5184848484848485
90175A,9.029523809523809
90175B,8.98
90175D,9.12452380952381
90177C,2.947037037037037
90177E,2.954782608695652
90180A,9.737586206896552
90181B,9.261538461538462
90183A,2.9315625
90183B,2.9315999999999995
90184A,9.13923076923077
90184B,9.106875
90184C,9.104509803921568
90185A,4.233333333333333
90185B,4.238857142857143
90185C,4.248571428571428
90185D,4.252432432432433
90186A,2.9518918918918917
90186B,2.9503125
90190A,2.944516129032258
90190C,2.93974358974359
90192,5.023214285714286
90195A,8.704347826086956
90197B,5.046666666666667
90198A,4.224418604651163
90198B,4.244901960784314
90199B,6.3509375
90199C,6.317027027027026
90200A,4.228190476190477
90200B,4.226744186046512
90200C,4.244271844660195
90200D,4.222929936305732
90200E,4.221578947368421
90201A,2.9424074074074076
90201B,2.9569642857142857
90201C,2.9495652173913043
90201D,2.9400000000000004
90202C,2.9526923076923075
90202D,2.94375
90203,7.546571428571428
90204,3.3728947368421047
90205A,1.6754166666666668
90205C,1.6591666666666667
90206C,5.042881355932204
90208,2.516142857142857
90209B,2.0877884615384614
90209C,2.085
90210B,2.7410714285714284
90211B,5.948571428571428
90212B,3.796
90214A,1.0486915887850468
90214B,1.0169767441860464
90214C,1.0164864864864864
90214D,1.0126415094339623
90214E,1.0612676056338028
90214F,0.9653333333333334
90214G,1.0162745098039216
90214H,0.9696551724137932
90214I,1.0610344827586207
90214J,1.051978021978022
90214K,1.1198850574712642
90214L,1.0114285714285713
90214M,1.087794117647059
90214N,1.0440425531914894
90214P,1.0288571428571427
90214R,1.0811111111111111
90214S,1.0371739130434783
90214T,1.0716666666666665
90214V,0.9707407407407408
C2,50.213235294117645
gift_0001_20,16.807692307692307
gift_0001_30,25.420416666666668
